MHA,E01,E02,E03,E04,E05,E06,E07,E08,E09,W01,W02,W03,W04,W05,O01E,O02E,O03E,O01,O02,O03,O04,O05,O06,O07
AK400         ,1836,1836,1836,1836,2184,2199,2301,2442,2637,2202,2361,2532,2676,2844,2331,2505,2697,2193,2196,2523,2904,3174,3198,3222
AK401         ,1938,1938,1938,1938,2298,2313,2373,2469,2625,2316,2415,2529,2661,2817,2394,2511,2679,2307,2310,2523,2868,3117,3141,3162
AK402         ,2013,2013,2013,2013,2466,2481,2487,2514,2598,2484,2496,2532,2622,2730,2490,2526,2634,2475,2478,2529,2763,2931,2955,2976
AK403         ,1839,1839,1839,1839,2298,2313,2412,2550,2754,2316,2472,2637,2799,2988,2442,2613,2823,2307,2310,2631,3054,3354,3381,3405
AK404         ,1845,1845,1845,1845,2244,2259,2382,2547,2712,2262,2451,2652,2736,2832,2418,2622,2745,2253,2256,2643,2862,3018,3039,3063
AK405         ,1602,1602,1602,1602,1986,2001,2100,2235,2397,2004,2157,2319,2427,2553,2127,2295,2442,1995,1998,2313,2595,2793,2814,2835
AL001         ,945,945,945,945,951,1137,1167,1203,1266,1149,1182,1227,1281,1347,1173,1218,1287,978,1134,1224,1365,1467,1473,1479
AL002         ,1086,1086,1086,1086,1152,1218,1383,1569,1755,1230,1461,1689,1782,1887,1422,1656,1791,1164,1215,1680,1923,2091,2103,2118
AL003         ,1440,1440,1440,1440,1533,1887,1908,1917,1956,1905,1914,1926,1980,2070,1911,1920,1989,1578,1884,1923,2097,2241,2256,2271
AL004         ,1437,1437,1437,1437,1572,1728,1842,1971,2106,1740,1896,2052,2127,2214,1869,2028,2136,1596,1725,2046,2241,2376,2394,2409
AL005         ,1218,1218,1218,1218,1266,1311,1329,1362,1455,1323,1344,1380,1485,1611,1338,1374,1500,1275,1308,1377,1653,1851,1860,1872
AL006         ,1218,1218,1218,1218,1281,1305,1527,1773,1986,1320,1629,1932,2007,2097,1578,1887,2016,1290,1302,1917,2124,2262,2277,2292
AL007         ,1497,1497,1497,1497,1578,1722,1737,1746,1794,1734,1743,1758,1809,1875,1740,1752,1815,1599,1719,1755,1893,1992,2004,2019
AR010         ,1527,1527,1527,1527,1617,1635,1650,1659,1725,1647,1656,1668,1749,1848,1653,1662,1761,1626,1632,1665,1881,2037,2049,2064
AR012         ,804,804,804,804,822,1329,1350,1377,1422,1347,1362,1392,1434,1482,1356,1386,1437,885,1323,1389,1494,1569,1578,1584
AR411         ,1092,1092,1092,1092,1197,1383,1488,1605,1776,1398,1536,1680,1815,1971,1512,1659,1833,1224,1380,1674,2025,2277,2292,2310
AZ013         ,1833,1833,1833,1833,1980,2199,2217,2226,2268,2214,2223,2235,2286,2364,2220,2229,2295,2010,2196,2232,2385,2508,2526,2544
AZ014         ,1224,1224,1224,1224,1320,1647,1665,1674,1713,1662,1671,1683,1725,1785,1668,1677,1731,1362,1644,1680,1800,1893,1902,1914
AZ015         ,1491,1491,1491,1491,1674,1896,1914,1923,1956,1911,1920,1932,1974,2049,1917,1926,1980,1704,1893,1929,2070,2187,2202,2217
AZ016         ,1206,1206,1206,1206,1293,1491,1533,1581,1683,1506,1554,1614,1713,1827,1542,1605,1725,1323,1488,1611,1863,2046,2058,2070
CA018         ,2985,2985,2985,2985,3117,3645,3687,3732,3855,3663,3705,3759,3891,4044,3696,3750,3909,3180,3639,3756,4095,4338,4374,4410
CA019         ,4347,4347,4347,4347,4797,4899,4986,5088,5409,4911,5028,5151,5508,5925,5007,5133,5568,4815,4896,5148,6078,6753,6813,6873
CA021         ,1074,1074,1074,1074,1143,1419,1479,1551,1665,1434,1509,1593,1692,1809,1494,1581,1707,1179,1416,1590,1845,2028,2040,2055
CA022         ,1689,1689,1689,1689,1842,1974,2079,2199,2322,1986,2130,2277,2340,2415,2106,2253,2349,1863,1971,2271,2439,2556,2574,2592
CA023         ,1707,1707,1707,1707,1758,1956,1971,1992,2052,1968,1980,2004,2070,2145,1974,1998,2076,1788,1953,2001,2169,2289,2304,2322
CA024         ,2691,2691,2691,2691,2898,3219,3288,3366,3492,3237,3321,3414,3525,3651,3306,3399,3537,2940,3216,3411,3693,3897,3927,3960
CA025         ,2928,2928,2928,2928,3063,3144,3219,3312,3435,3156,3258,3369,3459,3564,3240,3351,3471,3078,3141,3363,3600,3768,3798,3828
CA026         ,2091,2091,2091,2091,2097,2460,2499,2547,2649,2475,2520,2574,2676,2796,2511,2565,2691,2145,2457,2571,2835,3024,3048,3069
CA027         ,3084,3084,3084,3084,3126,3348,3474,3615,3873,3363,3534,3705,3936,4203,3504,3681,3972,3159,3345,3699,4299,4731,4773,4812
CA028         ,1476,1476,1476,1476,1575,1788,1866,1959,2070,1800,1905,2016,2091,2178,1887,1998,2100,1605,1785,2010,2205,2343,2361,2376
CA031         ,2571,2571,2571,2571,2802,3051,3069,3078,3090,3066,3075,3087,3102,3147,3072,3081,3105,2835,3048,3084,3156,3225,3249,3276
CA032         ,1371,1371,1371,1371,1461,1713,1809,1917,2067,1728,1854,1983,2097,2229,1830,1965,2112,1497,1710,1977,2274,2484,2499,2517
CA033         ,2421,2421,2421,2421,2553,2796,2814,2823,2880,2811,2820,2832,2907,3024,2817,2826,2919,2586,2793,2829,3063,3249,3273,3297
CA034         ,2439,2439,2439,2439,2640,2781,2796,2805,2877,2793,2802,2814,2904,3021,2799,2808,2916,2661,2778,2811,3057,3243,3267,3294
CA035         ,1917,1917,1917,1917,1980,2130,2178,2238,2373,2142,2205,2274,2412,2571,2190,2262,2430,2004,2127,2271,2625,2880,2901,2925
CA036         ,2724,2724,2724,2724,2811,2928,2943,2952,3000,2940,2949,2961,3027,3129,2946,2955,3036,2832,2925,2958,3159,3324,3348,3375
CA037         ,3021,3021,3021,3021,3171,3594,3639,3690,3807,3612,3660,3720,3840,3978,3651,3711,3855,3225,3591,3717,4026,4248,4281,4317
CA038         ,2676,2676,2676,2676,2871,3249,3288,3330,3459,3267,3306,3357,3501,3669,3297,3348,3522,2919,3246,3354,3726,3996,4026,4059
CA039         ,2667,2667,2667,2667,2823,3315,3561,3825,4035,3339,3669,3993,4053,4122,3615,3945,4059,2883,3312,3981,4140,4248,4281,4317
CA041         ,2415,2415,2415,2415,2538,2697,2721,2751,2829,2709,2733,2769,2853,2949,2727,2763,2862,2562,2694,2766,2982,3135,3159,3183
CA042         ,1308,1308,1308,1308,1338,1863,2007,2163,2343,1881,2073,2262,2373,2505,2040,2232,2388,1401,1857,2253,2547,2757,2775,2796
CA044         ,3456,3456,3456,3456,3693,4221,4308,4407,4686,4239,4350,4467,4770,5124,4329,4449,4818,3759,4215,4461,5253,5826,5877,5928
CA392         ,2238,2238,2238,2238,2412,2754,2919,3099,3339,2772,2994,3213,3387,3591,2955,3180,3414,2457,2751,3204,3663,3987,4020,4053
CA393         ,1551,1551,1551,1551,1710,2271,2292,2301,2394,2289,2298,2310,2436,2607,2295,2304,2457,1779,2265,2307,2667,2943,2967,2988
CA420         ,1407,1407,1407,1407,1422,1506,1605,1719,1839,1518,1653,1791,1860,1935,1629,1770,1866,1440,1503,1785,1956,2079,2091,2106
CA457         ,1983,1983,1983,1983,2145,2322,2418,2529,2649,2334,2463,2598,2670,2751,2442,2577,2676,2172,2319,2592,2775,2907,2928,2949
CO045         ,2127,2127,2127,2127,2373,2475,2508,2553,2625,2487,2526,2580,2643,2718,2517,2571,2649,2391,2472,2577,2742,2859,2880,2901
CO046         ,1986,1986,1986,1986,2052,2091,2169,2262,2367,2103,2208,2322,2385,2454,2190,2304,2391,2064,2088,2316,2475,2589,2607,2625
CO047         ,1764,1764,1764,1764,1935,2028,2109,2202,2307,2040,2148,2259,2325,2400,2127,2244,2331,1953,2025,2256,2421,2538,2556,2574
CO422         ,2079,2079,2079,2079,2232,2688,2850,3027,3192,2709,2922,3138,3213,3300,2886,3105,3222,2289,2685,3129,3327,3465,3492,3519
CT049         ,1698,1698,1698,1698,1791,2229,2250,2259,2298,2247,2256,2268,2310,2364,2253,2262,2313,1848,2226,2265,2376,2457,2475,2493
CT050         ,2040,2040,2040,2040,2094,2256,2385,2532,2703,2268,2448,2625,2733,2856,2415,2598,2748,2118,2253,2619,2898,3096,3120,3144
CT051         ,2631,2631,2631,2631,2727,3162,3183,3192,3285,3180,3189,3201,3327,3501,3186,3195,3348,2784,3159,3198,3561,3837,3870,3900
DC053         ,2355,2355,2355,2355,2388,2928,2955,2982,3120,2946,2967,3003,3165,3354,2961,2994,3189,2457,2922,3000,3420,3726,3756,3786
DE054         ,1635,1635,1635,1635,1680,1743,1803,1878,1965,1755,1833,1923,1983,2049,1818,1908,1989,1692,1740,1920,2070,2175,2190,2205
FL056         ,1965,1965,1965,1965,1968,2085,2229,2397,2562,2097,2298,2502,2586,2682,2265,2472,2595,1986,2082,2493,2712,2868,2889,2910
FL057         ,1458,1458,1458,1458,1485,1740,1821,1911,2046,1755,1860,1971,2076,2199,1839,1953,2091,1518,1737,1965,2238,2436,2451,2469
FL058         ,1713,1713,1713,1713,1776,1908,1971,2049,2115,1920,2004,2097,2121,2151,1989,2082,2124,1797,1905,2094,2154,2196,2211,2226
FL059         ,1812,1812,1812,1812,1911,2121,2139,2148,2172,2136,2145,2157,2187,2247,2142,2151,2190,1941,2118,2154,2265,2358,2376,2391
FL061         ,2418,2418,2418,2418,2535,2709,2832,2973,3174,2724,2892,3060,3219,3405,2862,3033,3243,2562,2706,3054,3468,3768,3798,3828
FL062         ,1872,1872,1872,1872,1983,2151,2166,2175,2202,2163,2172,2184,2220,2289,2169,2178,2226,2007,2148,2181,2307,2415,2433,2448
FL063         ,1647,1647,1647,1647,1695,1980,2031,2091,2199,1995,2058,2130,2226,2337,2046,2118,2238,1734,1977,2127,2376,2553,2571,2589
FL064         ,1593,1593,1593,1593,1701,1764,1794,1836,1905,1776,1812,1860,1923,1992,1803,1851,1929,1713,1761,1857,2013,2124,2139,2154
FL065         ,1440,1440,1440,1440,1479,1515,1659,1824,1992,1527,1728,1929,2016,2115,1695,1899,2025,1491,1512,1920,2148,2307,2322,2337
FL066         ,2061,2061,2061,2061,2160,2484,2502,2511,2544,2499,2508,2520,2565,2643,2505,2514,2571,2202,2481,2517,2667,2793,2811,2832
FL067         ,2244,2244,2244,2244,2355,2505,2577,2664,2793,2517,2616,2718,2823,2943,2595,2700,2835,2379,2502,2712,2982,3177,3201,3225
FL068         ,1644,1644,1644,1644,1722,1740,1770,1812,1887,1752,1788,1839,1908,1986,1779,1830,1914,1731,1737,1836,2013,2139,2154,2166
FL069         ,2970,2970,2970,2970,3105,3576,3717,3873,4167,3594,3783,3969,4242,4563,3750,3942,4287,3162,3573,3963,4680,5196,5241,5286
FL070         ,1599,1599,1599,1599,1713,1788,1845,1917,2013,1800,1875,1962,2034,2121,1860,1947,2043,1728,1785,1956,2148,2283,2298,2313
FL423         ,1944,1944,1944,1944,2136,2157,2172,2187,2256,2169,2178,2202,2277,2367,2175,2196,2286,2145,2154,2199,2394,2535,2553,2571
FL424         ,1755,1755,1755,1755,1884,1935,1968,2013,2082,1947,1986,2040,2100,2166,1977,2031,2103,1896,1932,2037,2187,2295,2310,2325
GA071         ,2022,2022,2022,2022,2058,2280,2298,2307,2361,2295,2304,2316,2391,2502,2301,2310,2403,2088,2277,2313,2541,2721,2742,2760
GA072         ,1110,1110,1110,1110,1134,1152,1269,1407,1587,1164,1326,1491,1623,1773,1299,1467,1641,1143,1149,1485,1824,2067,2082,2094
GA073         ,1452,1452,1452,1452,1494,1665,1680,1689,1740,1677,1686,1698,1767,1872,1683,1692,1776,1521,1662,1695,1905,2073,2085,2100
GA074         ,1443,1443,1443,1443,1539,1611,1629,1656,1758,1623,1641,1674,1791,1929,1635,1668,1809,1554,1608,1671,1977,2196,2211,2226
GA075         ,1305,1305,1305,1305,1377,1518,1533,1542,1590,1530,1539,1551,1614,1716,1536,1545,1626,1401,1515,1548,1749,1908,1920,1932
GA076         ,1341,1341,1341,1341,1410,1428,1491,1572,1716,1440,1527,1623,1752,1905,1509,1608,1770,1419,1425,1617,1956,2199,2214,2229
GA077         ,1617,1617,1617,1617,1731,1818,1857,1908,2004,1830,1878,1938,2031,2133,1869,1929,2040,1746,1815,1935,2169,2334,2352,2367
GA079         ,1617,1617,1617,1617,1665,1884,1911,1947,2013,1899,1926,1968,2034,2109,1920,1959,2040,1698,1881,1965,2130,2250,2265,2280
GA080         ,1491,1491,1491,1491,1593,1650,1710,1782,1893,1662,1740,1830,1917,2019,1725,1815,1929,1605,1647,1824,2052,2217,2232,2244
GA081         ,1143,1143,1143,1143,1155,1245,1317,1404,1533,1257,1353,1458,1560,1680,1335,1443,1575,1170,1242,1452,1722,1911,1923,1935
HI407         ,2532,2532,2532,2532,2838,3456,3546,3648,3798,3474,3591,3711,3834,3975,3570,3693,3849,2913,3447,3705,4023,4251,4287,4320
HI408         ,2670,2670,2670,2670,2961,3081,3258,3456,3633,3093,3339,3582,3651,3732,3297,3546,3660,2982,3078,3573,3756,3882,3912,3945
HI409         ,1914,1914,1914,1914,1989,2172,2187,2196,2247,2184,2193,2205,2268,2349,2190,2199,2274,2016,2169,2202,2373,2499,2517,2535
HI414         ,2427,2427,2427,2427,2739,2910,2925,2934,3000,2922,2931,2943,3033,3162,2928,2937,3048,2766,2907,2940,3207,3414,3441,3468
IA082         ,1269,1269,1269,1269,1398,1689,1743,1806,1902,1704,1770,1845,1923,2013,1758,1833,1932,1437,1686,1842,2040,2184,2199,2214
ID084         ,1719,1719,1719,1719,1734,1980,1998,2025,2115,1992,2010,2040,2145,2268,2004,2034,2157,1767,1977,2037,2307,2502,2520,2538
ID086         ,1602,1602,1602,1602,1818,2193,2214,2223,2289,2211,2220,2232,2316,2433,2217,2226,2328,1866,2190,2229,2472,2658,2676,2694
IL088         ,1050,1050,1050,1050,1071,1347,1413,1485,1605,1362,1443,1530,1635,1755,1428,1518,1647,1107,1344,1527,1794,1986,1998,2013
IL089         ,1365,1365,1365,1365,1470,1692,1749,1818,1956,1707,1779,1860,1995,2151,1764,1848,2013,1500,1689,1857,2202,2451,2469,2487
IL090         ,1155,1155,1155,1155,1215,1632,1653,1662,1695,1650,1659,1671,1716,1791,1656,1665,1722,1269,1629,1668,1815,1938,1950,1962
IL092         ,1683,1683,1683,1683,1731,2172,2331,2505,2652,2193,2403,2616,2667,2724,2367,2583,2670,1788,2169,2607,2739,2829,2850,2871
IL093         ,1215,1215,1215,1215,1218,1452,1575,1713,1851,1467,1632,1800,1869,1947,1605,1776,1875,1248,1449,1794,1971,2094,2106,2121
IL325         ,2034,2034,2034,2034,2175,2301,2337,2382,2478,2313,2355,2409,2502,2613,2346,2400,2514,2196,2298,2406,2646,2820,2841,2862
IL335         ,1035,1035,1035,1035,1080,1626,1647,1656,1674,1644,1653,1665,1686,1737,1650,1659,1689,1146,1620,1662,1752,1833,1842,1854
IN094         ,1503,1503,1503,1503,1611,1683,1701,1731,1794,1695,1713,1749,1812,1884,1707,1740,1818,1626,1680,1746,1905,2022,2034,2046
IN097         ,1326,1326,1326,1326,1506,1524,1587,1665,1791,1536,1620,1713,1821,1947,1602,1698,1836,1515,1521,1710,1989,2190,2202,2217
IN338         ,978,978,978,978,1041,1080,1095,1104,1155,1092,1101,1113,1182,1290,1098,1107,1194,1050,1077,1110,1323,1494,1503,1509
IN399         ,1272,1272,1272,1272,1410,1476,1614,1776,1956,1488,1683,1875,1986,2118,1647,1848,2001,1425,1473,1869,2160,2367,2382,2397
KS100         ,1029,1029,1029,1029,1107,1383,1428,1482,1578,1398,1452,1515,1602,1704,1440,1506,1614,1146,1380,1512,1737,1899,1911,1923
KS101         ,1023,1023,1023,1023,1128,1413,1431,1440,1497,1428,1437,1449,1524,1635,1434,1443,1536,1167,1410,1446,1671,1851,1860,1872
KS102         ,1452,1452,1452,1452,1512,1596,1650,1713,1794,1608,1677,1755,1809,1872,1662,1743,1815,1530,1593,1752,1890,1989,2001,2013
KS105         ,1116,1116,1116,1116,1284,1551,1569,1578,1629,1566,1575,1587,1656,1764,1572,1581,1668,1320,1548,1584,1800,1974,1986,1998
KY106         ,1464,1464,1464,1464,1494,1665,1737,1821,1935,1677,1773,1875,1962,2061,1755,1857,1971,1521,1662,1869,2094,2253,2268,2283
KY107         ,1323,1323,1323,1323,1455,1524,1539,1548,1608,1536,1545,1557,1638,1758,1542,1551,1650,1467,1521,1554,1797,1986,1998,2013
KY109         ,1446,1446,1446,1446,1557,1764,1797,1839,1914,1776,1815,1866,1935,2013,1806,1857,1941,1587,1761,1863,2034,2160,2172,2187
KY110         ,1086,1086,1086,1086,1140,1434,1506,1590,1704,1449,1542,1641,1728,1830,1524,1626,1740,1179,1431,1635,1863,2028,2040,2052
KY339         ,939,939,939,939,1011,1227,1245,1272,1383,1239,1257,1287,1419,1575,1251,1281,1440,1041,1224,1284,1629,1878,1890,1902
KY430         ,990,990,990,990,1011,1329,1392,1461,1557,1347,1422,1506,1578,1662,1407,1491,1587,1053,1326,1500,1689,1824,1833,1845
LA113         ,981,981,981,981,1041,1392,1413,1422,1497,1410,1419,1431,1533,1680,1416,1425,1551,1086,1389,1428,1731,1968,1980,1992
LA114         ,1479,1479,1479,1479,1551,1761,1806,1857,1959,1773,1827,1890,1986,2097,1815,1881,1998,1581,1758,1887,2133,2310,2325,2340
LA115         ,924,924,924,924,1008,1272,1311,1356,1440,1284,1332,1386,1461,1545,1320,1377,1470,1044,1269,1383,1572,1710,1719,1728
LA116         ,1485,1485,1485,1485,1644,2007,2025,2034,2121,2022,2031,2043,2160,2316,2028,2037,2178,1689,2004,2040,2370,2619,2640,2658
LA117         ,1293,1293,1293,1293,1365,1614,1629,1638,1689,1626,1635,1647,1713,1815,1632,1641,1725,1398,1611,1644,1848,2013,2025,2037
LA118         ,1416,1416,1416,1416,1503,1716,1797,1890,2031,1728,1836,1950,2064,2196,1818,1932,2079,1533,1713,1944,2238,2448,2466,2484
LA326         ,1203,1203,1203,1203,1305,1425,1467,1524,1617,1437,1494,1560,1641,1737,1479,1548,1650,1326,1422,1557,1764,1917,1929,1938
LA370         ,1500,1500,1500,1500,1611,1971,1992,2004,2061,1989,1998,2019,2079,2151,1995,2013,2085,1659,1968,2016,2172,2283,2298,2316
LA371         ,963,963,963,963,1035,1317,1359,1413,1497,1332,1383,1443,1518,1605,1371,1434,1527,1074,1314,1440,1632,1770,1779,1788
MA119         ,3081,3081,3081,3081,3234,3804,3891,3987,4149,3822,3930,4044,4188,4353,3912,4029,4209,3303,3798,4041,4410,4677,4716,4755
MA120         ,2901,2901,2901,2901,3081,3558,3606,3660,3894,3576,3630,3690,3972,4302,3618,3681,4017,3141,3555,3687,4422,4953,4995,5037
MA122         ,2214,2214,2214,2214,2367,2550,2628,2718,2853,2562,2667,2775,2886,3012,2646,2757,2898,2394,2547,2769,3054,3258,3282,3309
MA123         ,2199,2199,2199,2199,2358,2508,2679,2874,3045,2520,2760,2997,3063,3141,2721,2961,3072,2382,2505,2988,3165,3288,3312,3339
MA124         ,2523,2523,2523,2523,2562,2805,2931,3069,3252,2820,2988,3156,3288,3441,2958,3132,3306,2595,2802,3150,3492,3735,3765,3795
MA125         ,2421,2421,2421,2421,2499,2802,2916,3048,3249,2817,2973,3129,3294,3489,2946,3105,3321,2541,2799,3123,3555,3867,3897,3930
MA126         ,1644,1644,1644,1644,1836,2109,2175,2250,2379,2124,2205,2295,2412,2550,2190,2283,2430,1875,2106,2292,2595,2811,2832,2853
MA151         ,2445,2445,2445,2445,2628,3159,3288,3426,3621,3180,3345,3516,3663,3834,3318,3489,3684,2694,3156,3507,3894,4170,4203,4236
MA377         ,2754,2754,2754,2754,2970,3351,3444,3546,3774,3369,3486,3612,3837,4104,3465,3591,3873,3018,3348,3606,4200,4626,4665,4704
MD127         ,1902,1902,1902,1902,2022,2193,2280,2379,2529,2205,2322,2439,2562,2703,2301,2421,2580,2046,2190,2436,2751,2979,3000,3024
MD128         ,2337,2337,2337,2337,2463,2685,2718,2757,2880,2697,2736,2784,2916,3072,2727,2775,2937,2493,2682,2781,3126,3378,3402,3429
MD129         ,2064,2064,2064,2064,2214,2397,2448,2508,2634,2409,2475,2547,2667,2808,2460,2535,2685,2241,2394,2544,2856,3081,3105,3129
MD130         ,1860,1860,1860,1860,1932,2322,2343,2352,2448,2340,2349,2361,2484,2634,2346,2355,2502,1983,2319,2358,2682,2922,2943,2964
MD133         ,2280,2280,2280,2280,2436,2595,2637,2688,2823,2607,2658,2718,2862,3027,2649,2709,2883,2460,2592,2715,3087,3351,3378,3405
MD134         ,2286,2286,2286,2286,2472,2499,2598,2712,2862,2511,2646,2784,2892,3015,2622,2763,2904,2481,2496,2778,3057,3255,3279,3306
MD135         ,1899,1899,1899,1899,2022,2043,2058,2067,2151,2055,2064,2076,2181,2310,2061,2070,2196,2031,2040,2073,2355,2562,2580,2598
MD432         ,1464,1464,1464,1464,1551,1719,1737,1746,1797,1734,1743,1755,1821,1926,1740,1749,1833,1575,1716,1752,1962,2130,2142,2157
MD458         ,1728,1728,1728,1728,1959,2268,2325,2388,2463,2283,2352,2427,2478,2532,2337,2415,2481,2001,2265,2424,2547,2634,2655,2673
ME136         ,1263,1263,1263,1263,1455,1785,2166,2586,2982,1809,2340,2850,3030,3240,2253,2775,3057,1500,1782,2829,3315,3654,3681,3711
ME139         ,2271,2271,2271,2271,2316,2706,2850,3006,3252,2724,2913,3102,3309,3549,2883,3075,3342,2364,2703,3096,3636,4023,4056,4089
ME141         ,1527,1527,1527,1527,1767,1911,1947,1995,2094,1923,1968,2025,2121,2229,1959,2016,2133,1791,1908,2022,2265,2442,2457,2475
ME390         ,1278,1278,1278,1278,1548,1698,1761,1833,1899,1710,1791,1881,1905,1932,1776,1866,1908,1572,1695,1875,1938,1980,1992,2004
MI142         ,1812,1812,1812,1812,2061,2244,2262,2289,2406,2256,2274,2307,2442,2604,2268,2301,2463,2088,2241,2304,2658,2916,2940,2961
MI143         ,1299,1299,1299,1299,1404,1734,1776,1824,1920,1752,1797,1854,1944,2052,1788,1845,1956,1449,1731,1851,2088,2256,2271,2286
MI145         ,990,990,990,990,1083,1275,1290,1308,1374,1287,1296,1323,1395,1482,1293,1317,1404,1110,1272,1320,1509,1644,1653,1662
MI146         ,1611,1611,1611,1611,1635,1872,1992,2124,2256,1887,2046,2208,2274,2349,2019,2184,2280,1668,1869,2202,2370,2490,2505,2523
MI148         ,1518,1518,1518,1518,1641,1908,1959,2016,2094,1923,1983,2052,2109,2175,1971,2040,2115,1677,1905,2049,2196,2301,2316,2331
MI152         ,1245,1245,1245,1245,1392,1725,1746,1755,1869,1743,1752,1764,1914,2103,1749,1758,1938,1437,1722,1761,2169,2472,2490,2508
MI153         ,1293,1293,1293,1293,1479,1617,1656,1704,1809,1629,1677,1737,1836,1953,1665,1728,1848,1500,1614,1734,1989,2175,2190,2205
MI154         ,1419,1419,1419,1419,1512,1878,1899,1908,1962,1896,1905,1917,1989,2100,1902,1911,2001,1560,1875,1914,2136,2313,2328,2343
MI155         ,1767,1767,1767,1767,1962,2286,2436,2601,2763,2304,2505,2706,2784,2871,2472,2676,2793,2004,2283,2697,2901,3039,3063,3087
MI156         ,1080,1080,1080,1080,1191,1386,1401,1410,1449,1398,1407,1422,1464,1512,1404,1416,1467,1221,1383,1419,1524,1605,1614,1620
MN158         ,1647,1647,1647,1647,1665,1707,1755,1815,1881,1719,1782,1854,1893,1938,1767,1842,1896,1677,1704,1851,1950,2019,2031,2043
MN159         ,1731,1731,1731,1731,1926,2157,2190,2232,2310,2172,2208,2259,2334,2421,2199,2250,2340,1959,2154,2256,2448,2586,2604,2622
MO160         ,1557,1557,1557,1557,1629,1647,1719,1806,1887,1659,1755,1860,1899,1941,1737,1845,1902,1638,1644,1854,1950,2016,2028,2040
MO161         ,1584,1584,1584,1584,1602,1914,1965,2022,2100,1929,1989,2058,2118,2187,1977,2046,2124,1641,1911,2055,2205,2313,2328,2343
MO162         ,981,981,981,981,1077,1272,1377,1494,1617,1284,1425,1569,1635,1707,1401,1548,1641,1104,1269,1563,1728,1845,1857,1866
MO163         ,879,879,879,879,906,1047,1140,1248,1356,1059,1185,1317,1371,1434,1164,1296,1377,930,1044,1311,1452,1548,1557,1566
MO164         ,1017,1017,1017,1017,1089,1317,1380,1452,1602,1332,1410,1497,1641,1809,1395,1482,1662,1122,1314,1491,1869,2139,2151,2166
MO165         ,993,993,993,993,1023,1092,1269,1467,1620,1107,1350,1593,1632,1674,1311,1557,1635,1035,1089,1584,1683,1749,1758,1767
MO344         ,990,990,990,990,1104,1239,1254,1275,1305,1251,1263,1290,1311,1338,1257,1284,1314,1125,1236,1287,1344,1386,1392,1398
MS168         ,1203,1203,1203,1203,1296,1356,1413,1485,1593,1368,1443,1530,1620,1725,1428,1515,1629,1308,1353,1524,1758,1923,1935,1947
MS169         ,966,966,966,966,1035,1245,1323,1410,1524,1257,1359,1467,1548,1641,1341,1449,1557,1065,1242,1461,1668,1818,1827,1839
MS170         ,1398,1398,1398,1398,1485,1689,1737,1794,1896,1701,1761,1830,1920,2025,1749,1818,1932,1512,1686,1827,2058,2223,2238,2250
MS171         ,972,972,972,972,1017,1245,1335,1437,1560,1260,1377,1500,1584,1680,1356,1482,1593,1047,1242,1494,1710,1860,1872,1884
MS172         ,1230,1230,1230,1230,1233,1293,1389,1500,1623,1305,1437,1572,1644,1725,1413,1551,1650,1242,1290,1566,1752,1881,1893,1905
MT175         ,1011,1011,1011,1011,1071,1326,1404,1494,1599,1341,1443,1551,1617,1695,1425,1533,1623,1107,1323,1545,1716,1836,1848,1860
MT347         ,1131,1131,1131,1131,1233,1617,1716,1824,1959,1635,1761,1893,1986,2091,1737,1872,1995,1284,1614,1887,2127,2298,2313,2328
NC176         ,1692,1692,1692,1692,1770,1878,1893,1902,1977,1890,1899,1911,2004,2115,1896,1905,2016,1788,1875,1908,2154,2331,2346,2361
NC177         ,1386,1386,1386,1386,1389,1458,1521,1596,1701,1470,1554,1644,1725,1815,1536,1629,1734,1401,1455,1638,1845,1992,2004,2019
NC178         ,1386,1386,1386,1386,1416,1446,1503,1569,1653,1458,1530,1614,1668,1728,1518,1599,1671,1425,1443,1608,1746,1845,1854,1866
NC179         ,1644,1644,1644,1644,1800,1929,1944,1953,2007,1941,1950,1965,2022,2094,1947,1959,2028,1821,1926,1962,2115,2229,2244,2259
NC180         ,1644,1644,1644,1644,1707,1950,1968,1980,2100,1965,1974,1992,2142,2322,1971,1986,2166,1740,1947,1989,2385,2673,2694,2712
NC181         ,1545,1545,1545,1545,1641,1980,1998,2007,2079,1995,2004,2016,2112,2253,2001,2010,2130,1683,1977,2013,2301,2526,2544,2562
NC182         ,1401,1401,1401,1401,1479,1701,1725,1758,1812,1716,1740,1776,1824,1881,1734,1770,1830,1512,1698,1773,1896,1983,1995,2007
NC183         ,1089,1089,1089,1089,1116,1290,1410,1545,1698,1305,1467,1632,1725,1833,1440,1608,1737,1143,1287,1626,1869,2040,2052,2067
NC184         ,1290,1290,1290,1290,1407,1623,1710,1812,1917,1635,1752,1875,1935,2004,1731,1857,1941,1437,1620,1869,2025,2133,2148,2163
NC185         ,1617,1617,1617,1617,1740,1803,1872,1956,2076,1815,1908,2010,2103,2208,1890,1995,2115,1752,1800,2007,2244,2415,2430,2448
NC186         ,1512,1512,1512,1512,1614,1878,1896,1905,1989,1893,1902,1914,2028,2190,1899,1908,2049,1650,1875,1911,2247,2505,2523,2538
NC187         ,1677,1677,1677,1677,1839,1983,2046,2121,2238,1995,2079,2169,2265,2376,2061,2154,2277,1860,1980,2163,2409,2586,2604,2625
ND188         ,1185,1185,1185,1185,1308,1911,1932,1941,1983,1929,1938,1950,2004,2088,1935,1944,2013,1383,1905,1947,2115,2247,2262,2277
ND189         ,996,996,996,996,1095,1653,1674,1683,1698,1671,1680,1692,1710,1755,1677,1686,1713,1164,1650,1689,1767,1836,1848,1860
ND190         ,1290,1290,1290,1290,1428,1614,1629,1638,1683,1626,1635,1647,1707,1806,1632,1641,1719,1455,1611,1644,1836,1992,2004,2019
ND191         ,1185,1185,1185,1185,1284,1692,1713,1722,1737,1710,1719,1731,1749,1797,1716,1725,1752,1338,1689,1728,1809,1884,1896,1908
NE192         ,1317,1317,1317,1317,1422,1719,1743,1773,1866,1734,1758,1794,1893,2010,1749,1785,1908,1461,1716,1791,2049,2238,2253,2268
NE193         ,1146,1146,1146,1146,1206,1671,1692,1701,1716,1689,1698,1710,1728,1779,1695,1704,1731,1266,1668,1707,1791,1869,1881,1893
NH194         ,2049,2049,2049,2049,2190,2670,2901,3153,3393,2691,3006,3312,3423,3555,2952,3267,3438,2250,2664,3300,3597,3807,3837,3867
NH195         ,2121,2121,2121,2121,2277,2574,2745,2937,3138,2589,2826,3057,3168,3297,2784,3021,3183,2316,2571,3048,3342,3546,3576,3603
NJ196         ,1983,1983,1983,1983,2097,2337,2442,2559,2745,2352,2490,2631,2787,2970,2466,2610,2811,2130,2334,2625,3033,3324,3348,3375
NJ198         ,1500,1500,1500,1500,1626,1875,1965,2064,2205,1890,2007,2127,2232,2355,1986,2109,2247,1659,1872,2124,2394,2589,2607,2628
NJ200         ,2667,2667,2667,2667,2733,2913,2997,3096,3321,2925,3039,3159,3384,3648,3018,3141,3420,2760,2910,3153,3744,4170,4203,4236
NJ201         ,2187,2187,2187,2187,2325,2874,2901,2934,3045,2892,2916,2952,3081,3231,2910,2946,3099,2394,2868,2949,3285,3525,3552,3582
NJ202         ,2865,2865,2865,2865,3135,3405,3423,3435,3573,3420,3429,3447,3621,3831,3426,3441,3648,3171,3402,3444,3903,4236,4272,4305
NJ203         ,2439,2439,2439,2439,2724,3024,3042,3051,3159,3039,3048,3060,3204,3405,3045,3054,3231,2766,3021,3057,3474,3792,3822,3852
NJ204         ,2064,2064,2064,2064,2148,2577,2598,2613,2679,2595,2604,2628,2700,2787,2601,2622,2709,2202,2574,2625,2814,2949,2973,2994
NM205         ,1206,1206,1206,1206,1317,1554,1572,1581,1611,1569,1578,1590,1623,1677,1575,1584,1626,1350,1551,1587,1689,1773,1782,1791
NM206         ,1632,1632,1632,1632,1788,1806,1821,1830,1854,1818,1827,1839,1869,1920,1824,1833,1872,1797,1803,1836,1935,2019,2031,2043
NM207         ,993,993,993,993,1068,1305,1380,1464,1548,1320,1413,1515,1560,1611,1398,1500,1563,1101,1302,1512,1623,1704,1713,1722
NM209         ,1113,1113,1113,1113,1311,1476,1491,1500,1524,1488,1497,1509,1533,1575,1494,1503,1536,1335,1473,1506,1587,1653,1662,1671
NM210         ,1677,1677,1677,1677,1812,2244,2457,2688,2922,2265,2553,2835,2955,3099,2505,2793,2973,1866,2241,2823,3144,3372,3399,3423
NV211         ,1293,1293,1293,1293,1386,1500,1632,1785,1917,1512,1698,1881,1932,1989,1665,1854,1935,1407,1497,1875,2004,2094,2106,2121
NV212         ,1794,1794,1794,1794,1848,2016,2046,2088,2166,2028,2064,2115,2187,2274,2055,2106,2196,1875,2013,2112,2301,2436,2454,2469
NV213         ,1974,1974,1974,1974,2088,2286,2301,2310,2385,2298,2307,2319,2421,2565,2304,2313,2439,2118,2283,2316,2613,2847,2868,2889
NY215         ,2055,2055,2055,2055,2229,2286,2361,2451,2568,2298,2400,2508,2592,2691,2382,2493,2604,2241,2283,2505,2721,2874,2895,2919
NY216         ,1851,1851,1851,1851,2031,2142,2232,2340,2499,2154,2277,2409,2532,2679,2256,2388,2550,2049,2139,2403,2730,2961,2985,3006
NY217         ,2262,2262,2262,2262,2400,2928,2949,2970,3090,2946,2958,2985,3129,3300,2955,2979,3150,2466,2922,2982,3357,3627,3657,3687
NY218         ,3771,3771,3771,3771,4140,4215,4230,4239,4332,4227,4236,4248,4371,4548,4233,4242,4395,4155,4212,4245,4608,4887,4926,4968
NY219         ,3198,3198,3198,3198,3345,3465,3681,3924,4236,3477,3783,4080,4296,4551,3732,4035,4332,3366,3462,4065,4641,5052,5094,5136
NY221         ,1437,1437,1437,1437,1608,1908,1947,1995,2103,1923,1968,2022,2136,2268,1956,2013,2151,1650,1905,2019,2313,2526,2544,2562
NY222         ,1392,1392,1392,1392,1512,1845,1929,2025,2124,1860,1971,2085,2142,2205,1950,2067,2145,1554,1842,2079,2220,2322,2337,2352
NY223         ,1401,1401,1401,1401,1650,1755,1824,1905,2019,1767,1857,1959,2043,2139,1842,1944,2052,1668,1752,1953,2169,2325,2340,2355
NY225         ,1296,1296,1296,1296,1353,1536,1722,1932,2094,1551,1809,2064,2106,2151,1767,2025,2109,1380,1533,2052,2163,2238,2253,2268
NY349         ,3240,3240,3240,3240,3321,4272,4383,4503,4743,4290,4434,4578,4806,5073,4407,4557,4842,3432,4260,4572,5172,5601,5649,5697
NY413         ,2817,2817,2817,2817,2868,3249,3312,3384,3540,3264,3342,3429,3582,3762,3327,3417,3606,2919,3246,3426,3825,4113,4146,4179
OH227         ,1200,1200,1200,1200,1236,1602,1641,1686,1797,1617,1659,1713,1830,1965,1650,1704,1845,1281,1599,1710,2013,2229,2244,2259
OH228         ,1608,1608,1608,1608,1713,2145,2166,2175,2211,2163,2172,2184,2232,2310,2169,2178,2238,1767,2142,2181,2334,2460,2478,2496
OH229         ,1437,1437,1437,1437,1590,1800,1815,1824,1881,1812,1821,1833,1908,2022,1818,1827,1920,1620,1797,1830,2058,2238,2253,2268
OH230         ,1392,1392,1392,1392,1428,1782,1890,2007,2124,1800,1938,2079,2142,2214,1914,2058,2148,1476,1779,2073,2238,2352,2367,2382
OH231         ,1176,1176,1176,1176,1221,1449,1488,1536,1641,1464,1509,1566,1674,1797,1500,1557,1686,1251,1446,1563,1839,2037,2052,2064
OH232         ,1443,1443,1443,1443,1485,1755,1800,1851,1974,1770,1821,1881,2010,2160,1809,1872,2028,1521,1752,1878,2211,2448,2466,2484
OH233         ,927,927,927,927,1005,1083,1200,1335,1425,1095,1257,1419,1428,1437,1227,1395,1431,1020,1080,1413,1440,1443,1449,1458
OK235         ,984,984,984,984,1074,1284,1392,1515,1641,1299,1443,1593,1662,1740,1419,1569,1668,1104,1281,1587,1761,1887,1896,1908
OK236         ,930,930,930,930,1080,1260,1350,1452,1584,1272,1392,1515,1611,1722,1371,1497,1623,1107,1257,1512,1758,1935,1947,1959
OK237         ,996,996,996,996,1077,1287,1377,1479,1605,1299,1419,1545,1629,1728,1398,1524,1638,1107,1284,1539,1758,1914,1926,1938
OK239         ,1278,1278,1278,1278,1404,1482,1557,1647,1740,1494,1596,1704,1755,1812,1578,1686,1758,1419,1479,1698,1827,1917,1929,1941
OK240         ,1146,1146,1146,1146,1185,1407,1470,1539,1671,1422,1500,1584,1704,1839,1485,1572,1719,1215,1404,1581,1887,2106,2118,2133
OR241         ,1431,1431,1431,1431,1560,1878,1917,1962,2049,1896,1938,1989,2070,2166,1926,1980,2079,1602,1875,1986,2193,2343,2361,2376
OR242         ,1449,1449,1449,1449,1533,1818,1923,2037,2169,1833,1971,2109,2190,2286,1947,2088,2199,1572,1815,2103,2313,2463,2481,2499
OR243         ,2196,2196,2196,2196,2199,2571,2646,2730,2886,2589,2682,2784,2925,3093,2664,2766,2946,2244,2568,2778,3150,3417,3444,3471
OR244         ,1467,1467,1467,1467,1545,1911,1986,2067,2184,1929,2019,2118,2211,2319,2004,2103,2223,1593,1908,2112,2355,2526,2544,2562
OR245         ,1749,1749,1749,1749,1932,2286,2355,2436,2601,2301,2388,2484,2646,2832,2373,2469,2670,1980,2283,2481,2898,3198,3222,3249
OR246         ,1824,1824,1824,1824,1992,2229,2253,2286,2373,2244,2268,2304,2397,2508,2262,2298,2409,2025,2226,2301,2544,2718,2736,2757
PA247         ,1548,1548,1548,1548,1671,2013,2055,2100,2214,2031,2073,2127,2247,2388,2064,2118,2265,1716,2010,2124,2433,2658,2676,2697
PA248         ,2022,2022,2022,2022,2184,2274,2289,2310,2415,2286,2298,2328,2451,2595,2292,2319,2466,2199,2271,2325,2646,2877,2898,2919
PA249         ,2175,2175,2175,2175,2394,2709,2727,2745,2835,2724,2733,2760,2865,2988,2730,2754,2877,2436,2706,2757,3027,3225,3249,3273
PA250         ,1716,1716,1716,1716,1842,2124,2142,2157,2271,2139,2148,2172,2310,2472,2145,2166,2331,1881,2121,2169,2529,2790,2811,2832
PA252         ,1266,1266,1266,1266,1410,1644,1773,1917,2070,1659,1833,2007,2094,2196,1803,1980,2106,1443,1641,1998,2229,2391,2406,2424
PA253         ,1374,1374,1374,1374,1377,1587,1602,1611,1641,1599,1608,1620,1656,1716,1605,1614,1662,1404,1584,1617,1734,1827,1839,1848
PA254         ,1482,1482,1482,1482,1563,1878,1896,1905,1926,1893,1902,1914,1938,1995,1899,1908,1941,1605,1875,1911,2007,2094,2109,2121
PA255         ,1854,1854,1854,1854,1956,2244,2262,2271,2394,2259,2268,2280,2442,2643,2265,2274,2469,1995,2241,2277,2715,3042,3063,3087
RI256         ,1920,1920,1920,1920,2013,2532,2751,2991,3234,2553,2850,3144,3270,3417,2802,3099,3288,2079,2526,3132,3468,3702,3732,3762
RI257         ,2112,2112,2112,2112,2259,2322,2430,2556,2742,2334,2484,2637,2784,2955,2457,2613,2805,2271,2319,2631,3012,3285,3312,3336
SC258         ,1764,1764,1764,1764,1821,2112,2172,2241,2334,2127,2202,2286,2352,2430,2187,2271,2358,1860,2109,2280,2451,2574,2592,2610
SC259         ,1782,1782,1782,1782,1806,2169,2187,2196,2247,2184,2193,2205,2271,2364,2190,2199,2280,1854,2166,2202,2391,2538,2556,2574
SC260         ,1542,1542,1542,1542,1572,1803,1839,1881,1953,1818,1857,1908,1971,2043,1848,1899,1977,1605,1800,1905,2064,2181,2193,2208
SC261         ,1452,1452,1452,1452,1545,1725,1746,1779,1863,1737,1761,1797,1887,1995,1755,1791,1899,1572,1722,1794,2028,2199,2211,2226
SC262         ,1500,1500,1500,1500,1566,1776,1842,1920,2052,1788,1875,1968,2082,2214,1860,1956,2097,1596,1773,1965,2259,2472,2487,2505
SC263         ,1068,1068,1068,1068,1113,1305,1368,1446,1590,1317,1401,1494,1626,1782,1386,1479,1647,1143,1302,1488,1836,2085,2100,2112
SD264         ,1314,1314,1314,1314,1461,1680,1701,1731,1821,1692,1716,1752,1851,1965,1707,1743,1863,1494,1677,1749,2004,2190,2202,2217
SD265         ,1122,1122,1122,1122,1257,1524,1548,1578,1677,1539,1563,1599,1707,1833,1554,1590,1722,1293,1521,1596,1875,2076,2091,2103
TN266         ,1518,1518,1518,1518,1608,1800,1833,1875,2013,1812,1851,1899,2058,2244,1842,1890,2082,1635,1797,1896,2307,2604,2622,2640
TN267         ,1377,1377,1377,1377,1470,1758,1839,1929,2070,1773,1878,1986,2103,2238,1857,1968,2118,1509,1755,1980,2283,2502,2520,2535
TN268         ,1896,1896,1896,1896,1929,2199,2217,2226,2241,2214,2223,2235,2256,2304,2220,2229,2259,1968,2196,2232,2316,2391,2406,2424
TN269         ,2013,2013,2013,2013,2016,2073,2115,2169,2256,2085,2139,2202,2277,2364,2127,2190,2286,2022,2070,2199,2391,2532,2550,2568
TN353         ,1062,1062,1062,1062,1083,1371,1443,1524,1626,1386,1479,1575,1644,1725,1461,1560,1653,1122,1368,1572,1749,1878,1890,1902
TX270         ,1128,1128,1128,1128,1236,1536,1575,1623,1689,1551,1596,1653,1704,1761,1587,1644,1707,1278,1533,1650,1776,1866,1878,1890
TX272         ,2007,2007,2007,2007,2088,2757,2862,2976,3051,2775,2910,3048,3054,3060,2886,3027,3057,2169,2748,3042,3063,3066,3069,3081
TX273         ,1296,1296,1296,1296,1368,1671,1689,1698,1782,1686,1695,1707,1815,1953,1692,1701,1830,1410,1668,1704,2001,2223,2238,2253
TX274         ,1377,1377,1377,1377,1470,1581,1659,1755,1881,1593,1698,1812,1905,2013,1680,1797,1917,1491,1578,1809,2046,2217,2232,2247
TX275         ,1461,1461,1461,1461,1554,1884,1929,1980,2112,1899,1950,2013,2151,2316,1941,2001,2172,1599,1881,2010,2373,2634,2652,2673
TX277         ,1800,1800,1800,1800,1968,2307,2325,2334,2364,2322,2331,2343,2385,2457,2328,2337,2391,2013,2304,2340,2478,2595,2613,2634
TX278         ,1140,1140,1140,1140,1212,1446,1536,1635,1776,1461,1578,1698,1806,1929,1557,1680,1818,1245,1443,1695,1971,2166,2181,2196
TX279         ,1320,1320,1320,1320,1398,1734,1755,1764,1776,1752,1761,1773,1779,1791,1758,1767,1782,1443,1731,1770,1794,1827,1839,1851
TX281         ,1215,1215,1215,1215,1281,1515,1668,1839,2040,1530,1740,1947,2076,2226,1704,1917,2094,1314,1512,1938,2277,2517,2535,2553
TX282         ,1593,1593,1593,1593,1650,1872,1938,2013,2097,1887,1971,2061,2112,2172,1953,2046,2118,1680,1869,2058,2187,2280,2295,2313
TX283         ,1173,1173,1173,1173,1257,1641,1713,1794,1899,1659,1746,1842,1923,2013,1731,1827,1932,1305,1638,1839,2040,2187,2199,2214
TX284         ,1146,1146,1146,1146,1284,1506,1590,1686,1764,1518,1629,1746,1770,1797,1611,1728,1773,1314,1503,1740,1800,1842,1854,1863
TX285         ,1662,1662,1662,1662,1791,1836,1869,1911,1980,1848,1887,1941,1995,2058,1878,1932,2001,1803,1833,1938,2076,2178,2193,2208
TX286         ,1236,1236,1236,1236,1323,1383,1482,1596,1704,1395,1530,1668,1716,1770,1506,1647,1719,1335,1380,1662,1785,1869,1881,1890
TX288         ,1065,1065,1065,1065,1155,1440,1584,1743,1929,1455,1650,1845,1962,2097,1617,1815,1977,1194,1437,1836,2142,2361,2376,2394
TX356         ,1659,1659,1659,1659,1755,2043,2082,2127,2196,2058,2100,2157,2211,2277,2091,2145,2217,1794,2040,2154,2295,2397,2412,2430
TX415         ,1338,1338,1338,1338,1467,1635,1689,1755,1863,1647,1719,1797,1887,1992,1704,1785,1899,1491,1632,1794,2025,2190,2202,2217
UT291         ,1602,1602,1602,1602,1695,1782,1818,1866,1950,1794,1839,1893,1971,2064,1827,1884,1980,1710,1779,1890,2091,2235,2250,2265
UT292         ,1665,1665,1665,1665,1797,1866,2007,2169,2331,1878,2076,2271,2352,2445,2040,2241,2361,1812,1863,2265,2475,2625,2643,2661
UT357         ,1599,1599,1599,1599,1653,1809,1863,1932,2055,1821,1893,1974,2088,2220,1878,1959,2103,1677,1806,1968,2265,2478,2493,2511
VA295         ,1809,1809,1809,1809,1893,2085,2220,2373,2535,2100,2283,2469,2562,2673,2253,2439,2574,1920,2082,2460,2709,2883,2904,2925
VA296         ,1902,1902,1902,1902,1932,1950,2067,2202,2355,1962,2124,2286,2382,2493,2094,2262,2394,1941,1947,2280,2529,2709,2727,2748
VA297         ,1689,1689,1689,1689,1728,1806,1821,1830,1941,1818,1827,1842,1980,2145,1824,1836,2001,1743,1803,1839,2202,2466,2484,2502
VA298         ,1710,1710,1710,1710,1767,1983,2016,2058,2184,1998,2034,2082,2223,2385,2025,2073,2244,1797,1980,2079,2442,2703,2724,2742
VA301         ,1542,1542,1542,1542,1635,1743,1758,1773,1896,1755,1764,1788,1938,2115,1761,1782,1959,1653,1740,1785,2178,2460,2478,2496
VA302         ,2253,2253,2253,2253,2421,2571,2613,2661,2796,2583,2634,2691,2835,3006,2622,2682,2856,2445,2568,2688,3063,3333,3357,3384
VA303         ,1083,1083,1083,1083,1122,1455,1512,1578,1665,1470,1542,1620,1680,1752,1527,1608,1686,1167,1452,1617,1770,1881,1893,1905
VA362         ,1404,1404,1404,1404,1545,1563,1602,1656,1761,1575,1626,1686,1791,1911,1614,1677,1806,1554,1560,1683,1950,2145,2157,2172
VA368         ,2016,2016,2016,2016,2061,2148,2163,2172,2262,2160,2169,2181,2304,2478,2166,2175,2325,2076,2145,2178,2535,2814,2835,2853
VT305         ,1980,1980,1980,1980,2190,2625,2796,2982,3201,2646,2874,3102,3240,3402,2835,3066,3258,2244,2622,3090,3456,3714,3744,3774
WA306         ,1989,1989,1989,1989,2088,2334,2406,2487,2574,2349,2439,2538,2589,2646,2424,2523,2592,2121,2331,2535,2664,2754,2772,2793
WA307         ,2157,2157,2157,2157,2316,2532,2667,2817,2967,2547,2730,2913,2988,3075,2697,2886,2997,2346,2529,2907,3102,3240,3264,3291
WA308         ,1578,1578,1578,1578,1755,2049,2142,2244,2316,2064,2184,2310,2319,2331,2163,2289,2322,1794,2046,2304,2334,2343,2361,2376
WA309         ,2436,2436,2436,2436,2592,3204,3297,3399,3525,3222,3342,3465,3552,3651,3321,3444,3561,2667,3198,3459,3684,3843,3873,3903
WA310         ,1545,1545,1545,1545,1740,1992,2100,2220,2340,2007,2148,2295,2358,2433,2124,2271,2367,1776,1989,2289,2457,2574,2592,2610
WA311         ,2034,2034,2034,2034,2205,2553,2586,2622,2682,2568,2601,2646,2697,2757,2592,2640,2703,2250,2550,2643,2775,2868,2889,2910
WA312         ,1512,1512,1512,1512,1542,2100,2178,2262,2343,2118,2211,2313,2358,2406,2196,2298,2361,1611,2094,2310,2418,2496,2511,2529
WA313         ,1158,1158,1158,1158,1317,1821,1869,1923,2025,1839,1893,1956,2055,2169,1881,1944,2067,1380,1818,1953,2205,2388,2403,2421
WI316         ,1683,1683,1683,1683,1788,1932,2082,2253,2403,1947,2154,2358,2421,2490,2118,2328,2427,1809,1929,2349,2511,2622,2643,2661
WI317         ,1959,1959,1959,1959,2187,2205,2280,2373,2556,2217,2319,2433,2604,2802,2301,2415,2628,2196,2202,2427,2871,3192,3216,3240
WI318         ,1251,1251,1251,1251,1278,1425,1440,1449,1461,1437,1446,1458,1467,1500,1443,1452,1470,1302,1422,1455,1506,1560,1569,1575
WI359         ,1059,1059,1059,1059,1167,1344,1359,1368,1401,1356,1365,1377,1416,1470,1362,1371,1419,1194,1341,1374,1485,1572,1581,1587
WV320         ,1188,1188,1188,1188,1332,1617,1635,1644,1716,1632,1641,1656,1740,1839,1638,1650,1749,1371,1614,1653,1869,2028,2040,2052
WV322         ,1266,1266,1266,1266,1440,1569,1605,1653,1779,1581,1626,1683,1815,1971,1617,1674,1833,1461,1566,1680,2022,2268,2283,2298
WV323         ,978,978,978,978,1044,1197,1215,1242,1317,1209,1227,1257,1341,1437,1221,1251,1350,1068,1194,1254,1467,1617,1626,1635
WV454         ,1455,1455,1455,1455,1557,1716,1785,1866,1995,1728,1818,1917,2028,2154,1803,1902,2040,1581,1713,1911,2199,2403,2421,2436
WY324         ,1029,1029,1029,1029,1116,1725,1773,1827,1911,1743,1797,1860,1932,2013,1785,1851,1938,1188,1719,1857,2040,2169,2184,2196
ZZ510,1074,1074,1074,1074,1152,1347,1401,1458,1545,1365,1425,1494,1566,1647,1413,1485,1572,1182,1350,1491,1671,1803,1812,1824
ZZ520,1077,1077,1077,1077,1155,1350,1404,1461,1548,1368,1428,1497,1569,1650,1416,1488,1575,1185,1353,1494,1677,1806,1815,1827
ZZ530         ,1080,1080,1080,1080,1158,1353,1407,1464,1551,1371,1431,1500,1572,1653,1419,1491,1581,1188,1356,1497,1680,1809,1821,1830
ZZ540         ,1083,1083,1083,1083,1161,1356,1410,1470,1557,1374,1437,1506,1578,1659,1422,1494,1584,1191,1359,1503,1683,1815,1824,1836
ZZ550         ,1089,1089,1089,1089,1167,1362,1416,1473,1560,1380,1440,1509,1581,1662,1428,1497,1590,1194,1362,1506,1689,1818,1830,1842
ZZ560         ,1092,1092,1092,1092,1170,1368,1419,1479,1566,1386,1446,1515,1587,1671,1434,1503,1596,1200,1368,1512,1695,1827,1836,1848
ZZ570         ,1098,1098,1098,1098,1179,1374,1428,1488,1575,1392,1452,1524,1596,1677,1440,1512,1602,1206,1377,1521,1704,1836,1845,1857
ZZ580         ,1107,1107,1107,1107,1185,1380,1434,1494,1584,1398,1461,1530,1602,1686,1449,1521,1611,1215,1383,1527,1713,1845,1854,1866
ZZ590         ,1110,1110,1110,1110,1191,1386,1440,1500,1590,1404,1467,1536,1608,1692,1455,1524,1617,1218,1389,1533,1719,1851,1863,1872
ZZ600         ,1116,1116,1116,1116,1194,1392,1446,1506,1596,1410,1473,1542,1614,1698,1458,1530,1623,1224,1395,1539,1725,1857,1869,1881
ZZ610         ,1122,1122,1122,1122,1200,1398,1452,1512,1602,1416,1479,1548,1623,1707,1467,1539,1629,1230,1401,1545,1731,1866,1878,1887
ZZ620         ,1125,1125,1125,1125,1206,1404,1458,1518,1608,1422,1485,1554,1629,1713,1473,1545,1635,1236,1407,1551,1740,1872,1884,1896
ZZ630         ,1131,1131,1131,1131,1212,1410,1467,1524,1614,1428,1491,1563,1635,1722,1479,1551,1644,1242,1413,1560,1746,1881,1893,1905
ZZ640         ,1140,1140,1140,1140,1221,1419,1473,1533,1623,1437,1500,1572,1644,1731,1488,1560,1653,1251,1422,1569,1755,1890,1902,1914
ZZ650         ,1149,1149,1149,1149,1230,1428,1485,1545,1635,1446,1509,1581,1656,1740,1497,1569,1665,1260,1431,1578,1767,1905,1914,1926
ZZ660         ,1161,1161,1161,1161,1242,1443,1497,1557,1650,1461,1524,1596,1671,1755,1509,1584,1677,1272,1443,1593,1782,1920,1932,1944
ZZ670         ,1170,1170,1170,1170,1254,1455,1512,1572,1662,1473,1536,1608,1683,1770,1524,1596,1692,1284,1458,1605,1797,1935,1947,1959
ZZ680         ,1182,1182,1182,1182,1266,1470,1524,1584,1677,1488,1551,1623,1698,1788,1539,1611,1707,1296,1470,1620,1815,1953,1965,1977
ZZ690         ,1197,1197,1197,1197,1281,1482,1539,1599,1692,1500,1566,1638,1713,1803,1551,1626,1722,1311,1485,1635,1830,1971,1983,1995
ZZ700         ,1209,1209,1209,1209,1296,1500,1557,1617,1710,1518,1581,1656,1731,1821,1569,1644,1740,1326,1500,1653,1848,1989,2001,2016
ZZ710         ,1227,1227,1227,1227,1314,1518,1575,1635,1731,1536,1602,1674,1752,1842,1587,1662,1761,1341,1521,1671,1869,2013,2025,2037
ZZ720         ,1242,1242,1242,1242,1329,1536,1593,1653,1749,1554,1620,1692,1773,1863,1605,1680,1782,1359,1536,1689,1890,2034,2046,2061
ZZ730         ,1260,1260,1260,1260,1347,1557,1614,1674,1770,1575,1638,1713,1794,1884,1626,1701,1803,1377,1557,1710,1914,2058,2073,2085
ZZ740         ,1275,1275,1275,1275,1365,1575,1632,1695,1791,1593,1659,1734,1812,1905,1644,1722,1821,1395,1575,1731,1935,2082,2094,2109
ZZ750         ,1299,1299,1299,1299,1389,1599,1656,1719,1818,1617,1683,1761,1842,1935,1671,1749,1851,1419,1602,1755,1965,2112,2127,2139
ZZ760         ,1323,1323,1323,1323,1413,1626,1683,1749,1848,1644,1713,1788,1869,1965,1698,1776,1881,1443,1626,1785,1995,2145,2160,2175
ZZ770         ,1344,1344,1344,1344,1437,1653,1710,1776,1875,1671,1740,1815,1899,1995,1725,1803,1908,1470,1653,1812,2025,2178,2193,2208
ZZ780         ,1365,1365,1365,1365,1458,1674,1734,1797,1899,1692,1761,1839,1923,2019,1746,1827,1932,1488,1674,1833,2049,2205,2220,2235
ZZ790         ,1386,1386,1386,1386,1482,1698,1758,1824,1926,1716,1785,1863,1950,2049,1773,1851,1959,1512,1701,1860,2079,2235,2250,2265
ZZ800         ,1407,1407,1407,1407,1503,1722,1782,1848,1953,1740,1812,1890,1977,2076,1797,1878,1986,1536,1725,1887,2106,2265,2280,2295
ZZ810         ,1455,1455,1455,1455,1554,1776,1839,1905,2010,1794,1866,1947,2037,2139,1854,1935,2046,1587,1779,1944,2169,2334,2349,2364
ZZ820         ,1506,1506,1506,1506,1608,1833,1896,1965,2070,1851,1926,2007,2097,2202,1911,1992,2109,1641,1836,2004,2235,2403,2418,2436
ZZ830         ,1566,1566,1566,1566,1671,1902,1965,2034,2145,1920,1995,2076,2169,2277,1980,2064,2181,1704,1902,2073,2313,2484,2502,2520
ZZ840         ,1644,1644,1644,1644,1755,1989,2055,2127,2241,2007,2085,2172,2268,2379,2070,2157,2280,1788,1992,2166,2415,2595,2613,2631
ZZ850         ,1737,1737,1737,1737,1851,2094,2160,2235,2352,2112,2193,2280,2379,2496,2175,2265,2394,1884,2094,2274,2535,2721,2742,2763
ZZ860         ,1854,1854,1854,1854,1977,2229,2298,2373,2499,2247,2331,2421,2529,2652,2313,2406,2541,2010,2229,2418,2691,2889,2910,2931
ZZ870         ,1965,1965,1965,1965,2094,2352,2424,2505,2634,2370,2460,2553,2664,2793,2442,2538,2679,2130,2355,2547,2835,3042,3066,3090
ZZ880         ,2169,2169,2169,2169,2307,2583,2661,2742,2883,2601,2694,2796,2916,3057,2679,2778,2931,2346,2583,2790,3102,3327,3354,3378
ZZ890         ,2448,2448,2448,2448,2601,2898,2979,3069,3222,2916,3018,3123,3258,3414,2997,3108,3276,2640,2898,3120,3465,3714,3744,3774
